{"cameraMode":{"drawMode":0,"name":"Shaded","section":"Shading Mode"},"sceneLighting":false,"audioPlay":false,"sceneViewState":{"m_AlwaysRefresh":false,"showFog":true,"showSkybox":false,"showFlares":true,"showImageEffects":true,"showParticleSystems":true,"showVisualEffectGraphs":true,"m_FxEnabled":true},"in2DMode":false,"pivot":{"x":0.1720859855413437,"y":0.1454867124557495,"z":0.16314202547073365},"rotation":{"x":0.10032305866479874,"y":0.8033832907676697,"z":-0.5696812868118286,"w":0.14145836234092713},"size":1.2643016576766968,"orthographic":false}