{"cameraMode":{"drawMode":0,"name":"Shaded","section":"Shading Mode"},"sceneLighting":true,"audioPlay":false,"sceneViewState":{"m_AlwaysRefresh":false,"showFog":true,"showSkybox":false,"showFlares":true,"showImageEffects":true,"showParticleSystems":true,"showVisualEffectGraphs":true,"m_FxEnabled":true},"in2DMode":false,"pivot":{"x":7.365851879119873,"y":2.6513824462890627,"z":0.9744853973388672},"rotation":{"x":0.37606802582740786,"y":-0.2557249069213867,"z":0.10915856063365936,"w":0.884019136428833},"size":6.3785810470581059,"orthographic":false}