{"cameraMode":{"drawMode":0,"name":"Shaded","section":"Shading Mode"},"sceneLighting":true,"audioPlay":false,"sceneViewState":{"m_AlwaysRefresh":false,"showFog":true,"showSkybox":false,"showFlares":true,"showImageEffects":true,"showParticleSystems":true,"showVisualEffectGraphs":true,"m_FxEnabled":true},"in2DMode":false,"pivot":{"x":3.041689872741699,"y":-1.8359394073486329,"z":0.08451080322265625},"rotation":{"x":-0.021665161475539209,"y":-0.8500376343727112,"z":0.5255839228630066,"w":-0.03323505073785782},"size":9.056024551391602,"orthographic":false}