{"cameraMode":{"drawMode":0,"name":"Shaded","section":"Shading Mode"},"sceneLighting":true,"audioPlay":false,"sceneViewState":{"m_AlwaysRefresh":false,"showFog":true,"showSkybox":false,"showFlares":true,"showImageEffects":true,"showParticleSystems":true,"showVisualEffectGraphs":true,"m_FxEnabled":true},"in2DMode":false,"pivot":{"x":24.499454498291017,"y":-0.7417435646057129,"z":-5.700490951538086},"rotation":{"x":0.33488887548446658,"y":-0.6556199789047241,"z":0.40558508038520815,"w":0.5419231057167053},"size":10.134977340698243,"orthographic":false}